icao24,callsign,origin_country,time_position,last_contact,longitude,latitude,baro_altitude,on_ground,velocity,heading,vertical_rate,sensors,geo_altitude,squawk,spi,position_source
a3b87f,DAL1817 ,United States,1749938515.0,1749938515,-74.1808,40.6844,,True,8.23,185.62,,,,,False,0
a0e250,AAL1660 ,United States,1749938518.0,1749938518,-80.9205,34.8881,3017.52,False,147.42,189.03,11.7,,3162.3,,False,0
ad694c,SWA4099 ,United States,1749938494.0,1749938499,-80.189,40.4672,434.34,False,71.33,316.75,-3.9,,426.72,2110,False,0
a2222f,N2367Z  ,United States,1749938518.0,1749938518,-78.6044,40.4719,2712.72,False,96.21,76.71,0.0,,2804.16,5737,False,0
a39bfa,UAL886  ,United States,1749938518.0,1749938518,-80.1699,35.0604,10363.2,False,219.33,199.45,0.0,,10919.46,1672,False,0
a4c527,RPA4490 ,United States,1749938510.0,1749938510,-78.6308,38.0166,3642.36,False,173.06,256.42,0.33,,3832.86,4661,False,0
aae1ed,N800AR  ,United States,1749938517.0,1749938517,-77.4635,38.9358,76.2,False,61.54,290.56,0.0,,53.34,,False,0
adda95,N992FG  ,United States,1749938517.0,1749938518,-78.3105,36.0241,373.38,False,51.35,37.67,-0.33,,365.76,,False,0
a4fa17,PVO384  ,United States,1749938517.0,1749938518,-77.0092,38.9843,12192.0,False,187.7,225.0,-0.65,,12801.6,1472,False,0
c0481b,ROU1606 ,Canada,1749938518.0,1749938518,-80.471,36.9343,10972.8,False,214.46,183.71,0.0,,11544.3,6255,False,0
a857c2,PDT5758 ,United States,1749938517.0,1749938517,-75.4664,36.6879,8839.2,False,252.07,54.72,-0.65,,9319.26,1511,False,0
c04829,ROU1641 ,Canada,1749938371.0,1749938408,-78.9322,29.2043,10332.72,False,248.36,54.7,6.18,,10805.16,7331,False,0
a2ba4f,AAY2638 ,United States,1749938518.0,1749938518,-79.5014,34.3455,6705.6,False,215.11,333.43,10.73,,7071.36,3022,False,0
acba30,EDV5089 ,United States,1749938518.0,1749938518,-74.4294,40.6935,5128.26,False,207.89,236.51,-1.3,,5318.76,1110,False,0
c04811,ROU1673 ,Canada,1749938518.0,1749938519,-77.5445,33.6205,11277.6,False,245.37,24.79,0.0,,11925.3,2205,False,0
a3560b,DAL1695 ,United States,1749938515.0,1749938517,-77.4535,38.9474,,True,0.06,298.12,,,,,False,0
a2235b,N237JT  ,United States,1749938518.0,1749938518,-79.5526,38.1263,13716.0,False,201.2,235.42,-0.33,,14287.5,2620,False,0
c07e59,WJA1224 ,Canada,1749938518.0,1749938518,-79.8904,40.8518,11277.6,False,225.21,192.13,0.0,,11818.62,3053,False,0
a4503d,DAL1809 ,United States,1749938518.0,1749938518,-79.5646,32.0879,10668.0,False,227.67,299.81,0.0,,11315.7,1104,False,0
a008c5,DAL969  ,United States,1749938518.0,1749938518,-77.914,38.9727,10363.2,False,215.83,238.05,-0.33,,10896.6,2740,False,0
a69061,JIA5284 ,United States,1749938518.0,1749938518,-78.1499,38.9398,5166.36,False,194.13,291.12,0.33,,5387.34,7056,False,0
a27e88,N26VJ   ,United States,1749938518.0,1749938518,-78.7989,35.8017,2148.84,False,147.09,83.37,-3.9,,2240.28,1535,False,0
a2ce2d,N280C   ,United States,1749938276.0,1749938276,-77.5361,37.4176,106.68,False,66.28,141.62,-5.53,,99.06,1566,False,0
a7cfe6,JIA5250 ,United States,1749938518.0,1749938518,-78.783,36.0473,8839.2,False,252.92,38.64,0.0,,9342.12,1674,False,0
a40e1c,UPS5076 ,United States,1749938515.0,1749938515,-74.159,40.7024,,True,7.46,323.44,,,,4067,False,0
a39e7d,AAY2809 ,United States,1749938504.0,1749938504,-79.9719,37.3218,,True,0.0,129.38,,,,,False,0
ac22c5,AAL1379 ,United States,1749938518.0,1749938518,-74.8912,40.4774,9144.0,False,225.7,227.22,0.0,,9593.58,1443,False,0
a2bb83,UAL1518 ,United States,1749938518.0,1749938518,-74.324,40.4095,922.02,False,133.08,18.72,-3.9,,952.5,4175,False,0
aa92ff,UAL19   ,United States,1749938519.0,1749938519,-74.17,40.6902,-30.48,False,64.65,25.95,0.33,,-15.24,,False,0
a35701,EDV5067 ,United States,1749938518.0,1749938518,-76.2294,39.5663,9418.32,False,207.42,230.03,5.85,,9913.62,1463,False,0
a39dca,FFT2634 ,United States,1749938518.0,1749938518,-76.885,39.0957,586.74,False,109.67,320.71,0.33,,594.36,7251,False,0
c058cb,ROU1812 ,Canada,1749938518.0,1749938518,-80.7473,36.279,10965.18,False,210.1,177.47,-0.33,,11551.92,2215,False,0
44003f,AUA94   ,Austria,1749938517.0,1749938517,-77.4386,38.9426,,True,0.0,180.0,,,,,False,0
a74923,JBU1727 ,United States,1749938517.0,1749938518,-74.2789,40.7545,2697.48,False,139.22,246.94,18.53,,2788.92,4032,False,0
c04671,ROU1616 ,Canada,1749938518.0,1749938518,-79.5864,40.2666,10972.8,False,210.5,212.52,0.65,,11513.82,0615,False,0
440002,AUA90   ,Austria,1749938514.0,1749938514,-74.1732,40.6877,,True,2.83,205.31,,,,,False,0
a73659,LXJ564  ,United States,1749938518.0,1749938518,-77.9926,38.8024,1623.06,False,145.09,138.74,-5.53,,1684.02,7417,False,0
a04e60,RPA4655 ,United States,1749938518.0,1749938518,-78.2867,40.759,7620.0,False,229.86,56.59,0.0,,8001.0,7216,False,0
ab2729,AAL1934 ,United States,1749938518.0,1749938518,-80.3966,34.2037,7315.2,False,224.23,193.4,-0.33,,7741.92,0745,False,0
aa0759,RPA3531 ,United States,1749938518.0,1749938518,-75.5081,40.4856,6918.96,False,194.81,238.83,4.55,,7246.62,3044,False,0
a73665,GJS4175 ,United States,1749938518.0,1749938518,-79.294,40.8575,10363.2,False,219.13,279.6,0.0,,10873.74,7451,False,0
a65e3f,N50936  ,United States,1749938504.0,1749938515,-80.8595,28.3348,1767.84,False,30.19,166.2,-0.33,,1897.38,,False,0
ad78ac,N9671K  ,United States,1749938518.0,1749938518,-76.2145,38.6242,868.68,False,54.96,46.9,1.63,,883.92,2223,False,0
a95076,N7GD    ,United States,1749938518.0,1749938518,-80.388,38.414,6606.54,False,174.34,16.46,-4.55,,6926.58,,False,0
a615d0,SWA2037 ,United States,1749938272.0,1749938378,-77.1933,37.5561,838.2,False,94.52,220.36,0.0,,861.06,2637,False,0
a41e90,UAL1869 ,United States,1749938518.0,1749938518,-77.4476,38.9441,,True,5.92,90.0,,,,,False,0
a3c8cb,DAL2735 ,United States,1749938518.0,1749938518,-76.8677,38.5793,10668.0,False,259.48,61.2,0.0,,11216.64,2020,False,0
a1272f,UAL698  ,United States,1749938518.0,1749938519,-80.6738,40.6397,10972.8,False,227.92,288.56,0.0,,11506.2,4625,False,0
a04da2,N119A   ,United States,1749938518.0,1749938518,-80.426,27.3813,1005.84,False,58.44,286.36,-1.63,,1074.42,,False,0
a90e61,PDT5736 ,United States,1749938502.0,1749938502,-75.8527,37.3225,3025.14,False,117.06,246.7,0.0,,3162.3,,False,0
a9b39e,NKS2494 ,United States,1749938518.0,1749938518,-80.7551,40.1037,11277.6,False,226.38,156.0,-0.33,,11826.24,7474,False,0
a5e2c4,N479CJ  ,United States,1749938516.0,1749938518,-78.8972,38.6521,3970.02,False,147.69,44.72,-7.15,,4137.66,1102,False,0
a2472c,OPN24   ,United States,1749938496.0,1749938496,-76.7859,39.6575,906.78,False,109.27,78.32,-6.18,,914.4,4051,False,0
a9fb96,CWG742  ,United States,1749938518.0,1749938519,-78.6132,39.3831,12192.0,False,199.75,248.39,0.33,,12786.36,7335,False,0
ab5bf0,SWA2087 ,United States,1749938518.0,1749938518,-77.7665,37.3802,7010.4,False,218.55,30.25,0.0,,7376.16,3533,False,0
ad6884,AAL2835 ,United States,1749938518.0,1749938519,-79.0272,37.5578,11582.4,False,207.24,211.09,0.0,,12184.38,2624,False,0
ad53fd,FDY337  ,United States,1749938518.0,1749938518,-77.2213,40.4605,2712.72,False,81.8,0.72,0.0,,2804.16,,False,0
c03487,WJA2989 ,Canada,1749938487.0,1749938487,-78.394,28.1904,11277.6,False,232.64,1.77,0.0,,11955.78,,False,0
a39c62,UAL2497 ,United States,1749938516.0,1749938516,-77.4459,38.9419,,True,6.17,180.0,,,,,False,0
ad79eb,AAL2476 ,United States,1749938518.0,1749938518,-80.977,33.8972,11277.6,False,257.5,38.27,0.0,,11917.68,5151,True,0
ab5c69,DAL643  ,United States,1749938303.0,1749938440,-78.2251,30.9621,10668.0,False,239.72,11.26,0.0,,11300.46,,False,0
aaf475,VTE3714 ,United States,1749938517.0,1749938517,-80.4426,38.4405,4785.36,False,202.08,6.87,-5.53,,5036.82,,False,0
a1bea8,EJA211  ,United States,1749938518.0,1749938518,-79.3745,34.8342,10652.76,False,254.28,31.6,4.23,,11277.6,0734,False,0
a9fc34,RPA3712 ,United States,1749938518.0,1749938518,-76.7473,38.7973,8580.12,False,252.63,47.15,-5.2,,9044.94,2234,False,0
a8a6c0,PDT5883 ,United States,1749938519.0,1749938519,-78.2181,36.1637,7315.2,False,218.01,257.05,0.0,,7703.82,7030,False,0
a03bcd,RPA4429 ,United States,1749938518.0,1749938518,-80.4758,27.5786,10363.2,False,240.02,160.21,-0.33,,11026.14,5642,False,0
a1286c,DAL90   ,United States,1749938518.0,1749938518,-78.9687,37.1648,10668.0,False,262.89,37.21,0.0,,11247.12,3510,False,0
a89f62,AAL3161 ,United States,1749938518.0,1749938518,-80.3342,39.3498,8534.4,False,236.7,183.99,-0.33,,8983.98,5500,False,0
a8496e,FFT1809 ,United States,1749938518.0,1749938518,-79.0096,28.5319,10370.82,False,240.31,186.64,0.0,,11033.76,,False,0
aa844f,N777PB  ,United States,1749938517.0,1749938517,-80.6559,28.155,2087.88,False,88.83,340.73,0.0,,2217.42,,False,0
a81005,UAL688  ,United States,1749938518.0,1749938518,-80.3846,30.8858,10668.0,False,244.7,39.88,-0.33,,11315.7,1627,False,0
ad479d,DAL1550 ,United States,1749938518.0,1749938519,-79.0248,35.8091,2255.52,False,137.26,276.67,12.35,,2362.2,,False,0
a5d643,UAL2668 ,United States,1749938518.0,1749938518,-77.9865,38.161,10972.8,False,218.61,221.76,0.0,,11551.92,3377,False,0
a3a8ef,FFT689  ,United States,1749938518.0,1749938518,-77.3231,38.9772,2674.62,False,140.33,291.96,14.63,,2781.3,2142,False,0
a9ecc7,N739DB  ,United States,1749938511.0,1749938511,-80.7318,28.2886,365.76,False,54.17,18.26,0.98,,396.24,,False,0
a7f02d,EJA610  ,United States,1749938518.0,1749938518,-74.0382,40.8097,1478.28,False,141.02,57.82,0.65,,1508.76,1063,False,0
a1f2b1,UAL950  ,United States,1749938517.0,1749938517,-77.4534,38.9451,,True,0.0,8.44,,,,,False,0
a9ee09,N739RZ  ,United States,1749938519.0,1749938519,-80.0939,34.9569,1005.84,False,49.01,64.51,0.0,,1043.94,,False,0
a585f8,N455PD  ,United States,1749938518.0,1749938518,-80.7312,35.306,388.62,False,36.54,147.65,1.63,,396.24,,False,0
a07177,AAL1789 ,United States,1749938519.0,1749938519,-74.8113,40.8214,4145.28,False,200.16,265.73,8.45,,4290.06,1021,False,0
a86ab5,UAL748  ,United States,1749938512.0,1749938512,-77.4415,38.9409,,True,0.0,90.0,,,,,False,0
a26f01,ENY3800 ,United States,1749938518.0,1749938518,-80.9656,34.6448,5151.12,False,184.81,193.03,11.05,,5448.3,,False,0
abf53e,N87NW   ,United States,1749938328.0,1749938328,-80.44,38.0819,3200.4,False,123.52,256.02,-5.85,,3337.56,2403,False,0
ac289f,SWA2913 ,United States,1749938513.0,1749938518,-80.4539,37.0669,10363.2,False,208.99,232.2,0.0,,10911.84,2136,False,0
ad3585,JSX851  ,United States,1749938518.0,1749938518,-76.7436,39.1895,10363.2,False,201.89,225.1,-0.65,,10881.36,4334,False,0
a4fddb,RPA4766 ,United States,1749938518.0,1749938518,-77.8565,38.4815,6400.8,False,181.58,228.91,0.65,,6728.46,2414,False,0
aa2ed8,RPA3602 ,United States,1749938513.0,1749938513,-77.4412,38.9466,,True,2.83,90.0,,,,,False,0
ab4ea8,AAL1673 ,United States,1749938518.0,1749938519,-76.4911,39.9203,6842.76,False,214.34,273.16,6.5,,7155.18,1046,False,0
a8bc34,FFT2339 ,United States,1749938518.0,1749938518,-79.0871,37.176,10370.82,False,212.7,232.27,-0.33,,10942.32,7144,False,0
a09852,UAL2116 ,United States,1749938475.0,1749938475,-77.451,38.9473,,True,0.9,270.0,,,,,False,0
aa1c45,RPA3514 ,United States,1749938518.0,1749938518,-78.9369,38.9871,8534.4,False,200.88,234.27,0.0,,8968.74,5657,False,0
a63f77,WUP501  ,United States,1749938518.0,1749938518,-77.4832,38.6013,13106.4,False,178.05,222.54,0.33,,13662.66,1745,False,0
a716ee,JIA5323 ,United States,1749938518.0,1749938518,-78.03,40.8664,10668.0,False,251.48,30.08,0.0,,11163.3,1730,False,0
a8bc71,JBU1252 ,United States,1749938137.0,1749938315,-78.4593,30.1246,11285.22,False,234.38,11.78,0.0,,11955.78,4060,False,0
a3355e,JBU2065 ,United States,1749938518.0,1749938518,-80.33,35.3252,10972.8,False,214.94,201.78,0.0,,11590.02,1373,False,0
a3311b,JBU53   ,United States,1749938518.0,1749938519,-80.3314,35.8386,10972.8,False,197.41,219.29,0.0,,11574.78,1515,False,0
a21142,EDV5301 ,United States,1749938518.0,1749938518,-77.0654,37.7531,3413.76,False,166.63,38.36,7.8,,3573.78,,False,0
ad9edf,AAL1313 ,United States,1749938518.0,1749938518,-76.499,39.3775,6096.0,False,221.18,225.57,0.33,,6370.32,1104,False,0
a14c09,N183CF  ,United States,1749938343.0,1749938344,-80.9165,27.4414,579.12,False,52.38,231.78,0.0,,617.22,,False,0
ad8bed,JBU1772 ,United States,1749938518.0,1749938518,-74.8348,39.9282,11277.6,False,258.53,35.52,0.0,,11811.0,6146,False,0
a7016b,N550WM  ,United States,1749938518.0,1749938518,-78.2616,39.2378,11887.2,False,258.33,356.12,0.33,,12473.94,6051,False,0
a8cae4,N666DX  ,United States,1749938518.0,1749938518,-76.9502,39.8137,3451.86,False,120.52,238.62,-5.2,,3573.78,3307,False,0
a99afb,NKS2131 ,United States,1749938517.0,1749938518,-76.3436,37.3894,4853.94,False,188.21,278.33,-8.78,,5097.78,0770,False,0
a4fc00,DAL296  ,United States,1749938518.0,1749938518,-75.9654,36.4679,10668.0,False,269.87,63.63,0.0,,11277.6,6066,False,0
ab0532,VXP719  ,United States,1749938518.0,1749938518,-79.3485,36.7633,11574.78,False,205.92,226.01,0.0,,12199.62,3305,False,0
a69174,,United States,1749938281.0,1749938282,-76.5779,39.2794,190.5,False,43.55,165.64,-4.88,,182.88,,False,0
a38c95,FFT1665 ,United States,1749938518.0,1749938518,-76.6818,39.1133,929.64,False,122.28,284.62,13.33,,937.26,0544,False,0
ab4c76,SKW3776 ,United States,1749938517.0,1749938518,-77.44,38.9282,,True,2.06,182.81,,,,,False,0
a38c60,DAL638  ,United States,1749938518.0,1749938518,-80.6122,36.409,9761.22,False,217.08,209.85,-0.33,,10294.62,3423,False,0
a0822c,UCA4963 ,United States,1749938518.0,1749938518,-77.4573,38.9419,,True,3.86,191.25,,,,,False,0
a8cc46,UAL15   ,United States,1749938519.0,1749938519,-74.5098,40.8626,1783.08,False,143.54,188.45,0.0,,1821.18,2427,False,0
abaf1e,DAL2340 ,United States,1749938518.0,1749938518,-77.7304,38.0967,10668.0,False,251.9,53.97,-0.65,,11224.26,5723,False,0
a1057a,AAL1699 ,United States,1749938518.0,1749938518,-80.1196,34.2355,6416.04,False,198.32,333.83,-1.95,,6774.18,1412,False,0
ac7f41,AAL1766 ,United States,1749938518.0,1749938518,-79.1725,40.478,9753.6,False,218.48,255.41,0.0,,10241.28,3367,False,0
a3323d,DAL2690 ,United States,1749938518.0,1749938518,-79.0928,40.4125,10972.8,False,211.6,236.5,0.33,,11498.58,2005,False,0
a2bbcc,UAL1206 ,United States,1749938519.0,1749938519,-77.3305,33.9625,10668.0,False,250.39,17.58,0.0,,11285.22,,False,0
a0e59f,N157QS  ,United States,1749938518.0,1749938518,-78.8,38.6389,12489.18,False,275.26,65.02,-0.33,,13091.16,7442,False,0
ac136d,SWA2182 ,United States,1749938518.0,1749938518,-77.2125,39.1342,4320.54,False,197.62,213.32,9.1,,4511.04,7001,False,0
abf375,SWA240  ,United States,1749938518.0,1749938518,-79.6407,36.1161,11887.2,False,249.49,7.34,0.0,,12512.04,0706,False,0
a37a02,FFT4532 ,United States,1749938517.0,1749938517,-79.4873,29.1355,10454.64,False,236.66,37.49,8.13,,11018.52,0774,False,0
a4c7d1,NORST7  ,United States,1749938517.0,1749938517,-78.5345,35.6498,198.12,False,55.34,317.26,-0.33,,182.88,,False,0
a96877,JIA5029 ,United States,1749938518.0,1749938518,-77.3301,39.0989,3413.76,False,168.23,259.96,6.18,,3550.92,0572,False,0
a86a28,NKS2660 ,United States,1749938518.0,1749938518,-74.96,38.4028,11269.98,False,244.4,23.71,0.0,,11871.96,3251,False,0
aa1a16,AAL786  ,United States,1749938518.0,1749938518,-78.1302,36.6852,11277.6,False,270.61,42.15,-0.33,,11917.68,4134,False,0
a10614,AAL2934 ,United States,1749938518.0,1749938518,-80.9756,35.3188,838.2,False,95.89,176.31,-7.48,,876.3,4020,False,0
a47995,LXJ388  ,United States,1749938518.0,1749938519,-78.8832,35.5371,4152.9,False,156.4,186.61,15.28,,4373.88,2115,False,0
aa1a5f,N750DL  ,United States,1749938518.0,1749938518,-79.6858,34.818,7315.2,False,139.16,212.16,0.0,,7680.96,5631,False,0
a4795a,DAL1077 ,United States,1749938518.0,1749938518,-80.7803,34.2557,11277.6,False,258.71,43.63,0.33,,11910.06,1421,False,0
ab3a0c,UAL1140 ,United States,1749938510.0,1749938515,-77.4545,38.9394,,True,0.0,270.0,,,,,False,0
abde8c,JRE864  ,United States,1749938518.0,1749938518,-77.8529,38.4164,4251.96,False,159.57,221.86,0.0,,4427.22,4602,False,0
a981bd,N711WE  ,United States,1749938479.0,1749938480,-80.8311,28.1487,586.74,False,42.21,177.9,-3.9,,617.22,,False,0
a1a924,RPA5729 ,United States,1749938518.0,1749938518,-79.7523,36.9058,5257.8,False,173.37,229.69,-9.1,,5532.12,1652,False,0
a2a300,UAL982  ,United States,1749938518.0,1749938518,-77.4334,39.0899,1363.98,False,137.97,2.14,16.91,,1394.46,,False,0
a18ce8,CSB7521 ,United States,1749938518.0,1749938518,-76.946,39.2162,3672.84,False,167.96,279.52,14.31,,3817.62,6546,False,0
a2795f,N259EP  ,United States,1749938301.0,1749938301,-80.9545,29.0561,-7.62,False,33.38,114.59,-3.25,,7.62,,False,0
ab473a,AAL603  ,United States,1749938518.0,1749938518,-75.2914,39.9727,2987.04,False,140.16,259.64,2.93,,3093.72,1714,False,0
a5031a,AAL968  ,United States,1749938518.0,1749938518,-77.5857,38.7701,5166.36,False,182.94,279.22,0.33,,5417.82,1665,False,0
a4e321,N414BM  ,United States,1749938517.0,1749938518,-77.3532,35.2331,3017.52,False,95.38,309.53,0.33,,3154.68,,False,0
a7a60e,JIA5205 ,United States,1749938517.0,1749938518,-79.0638,33.826,7475.22,False,232.83,44.28,6.83,,7901.94,3212,False,0
a12030,UCA4871 ,United States,1749938518.0,1749938518,-77.5452,39.2404,3063.24,False,149.7,9.49,10.73,,3200.4,,False,0
a12096,UCA4250 ,United States,1749938517.0,1749938517,-77.4553,38.9365,,True,7.72,143.44,,,,,False,0
c051cc,TSC187  ,Canada,1749938518.0,1749938518,-75.3142,36.9681,10370.82,False,235.42,337.25,0.0,,10949.94,4030,False,0
ad1cfe,LTA9440 ,United States,1749938518.0,1749938518,-78.6531,35.0245,1798.32,False,56.38,62.27,2.93,,1889.76,,False,0
acb679,EDV5336 ,United States,1749938518.0,1749938518,-76.7694,39.1698,6096.0,False,185.52,225.22,0.0,,6393.18,1164,False,0
a4805b,N3899Q  ,United States,1749938517.0,1749938518,-80.6316,35.063,579.12,False,40.89,201.4,3.9,,617.22,,False,0
a9e642,NKS2472 ,United States,1749938518.0,1749938518,-79.4983,37.4148,11582.4,False,202.62,215.91,0.0,,12176.76,3053,False,0
406f3b,TOM109  ,United Kingdom,1749938517.0,1749938518,-74.6711,37.365,11887.2,False,269.75,41.29,-0.33,,12512.04,0735,False,0
ab58b2,DAL824  ,United States,1749938518.0,1749938518,-76.6239,38.2385,10668.0,False,265.4,42.72,0.0,,11231.88,3710,False,0
a79e31,JBU507  ,United States,1749938517.0,1749938518,-76.8551,39.7578,9144.0,False,209.55,224.2,0.0,,9616.44,7316,False,0
ab5993,AAL2859 ,United States,1749938518.0,1749938518,-77.3036,37.8979,7010.4,False,229.04,31.41,0.0,,7376.16,2567,False,0
abdce1,SWA1422 ,United States,1749938513.0,1749938513,-79.0165,37.8837,4000.5,False,201.38,229.35,16.58,,4175.76,2031,True,0
a0275c,AAL306  ,United States,1749938518.0,1749938518,-80.2357,40.3095,10378.44,False,225.86,269.35,0.0,,10896.6,7101,False,0
a06de9,,United States,1749938512.0,1749938512,-79.9729,34.9592,731.52,False,64.03,308.8,-1.3,,853.44,,False,0
a742ec,SWA600  ,United States,1749938518.0,1749938518,-76.4097,40.0654,9753.6,False,209.01,239.21,0.0,,10241.28,1142,False,0
ad60bb,JSX881  ,United States,1749938518.0,1749938518,-76.2932,38.6681,10408.92,False,250.04,40.24,-11.38,,10927.08,2623,False,0
a6bb97,JIA5656 ,United States,1749938518.0,1749938518,-77.6782,39.6139,6096.0,False,194.18,333.23,0.33,,6370.32,3207,False,0
a92e5b,N6909T  ,United States,1749938517.0,1749938518,-80.9529,35.4592,762.0,False,51.28,103.34,-0.98,,746.76,,False,0
acb827,AAL2182 ,United States,1749938518.0,1749938518,-79.479,36.9679,8854.44,False,207.46,213.57,-5.2,,9364.98,0520,False,0
a36130,DAL505  ,United States,1749938518.0,1749938518,-75.1318,39.6231,11887.2,False,257.53,36.96,0.0,,12466.32,1510,False,0
a4f790,SWA113  ,United States,1749938518.0,1749938518,-80.2923,40.4159,1181.1,False,136.43,190.21,7.8,,1211.58,,False,0
ac53d5,SWA2347 ,United States,1749938519.0,1749938519,-78.5051,38.8322,8183.88,False,215.91,258.32,7.15,,8602.98,3606,False,0
a769a3,JIA5079 ,United States,1749938518.0,1749938518,-79.8389,40.4839,9144.0,False,222.29,215.68,-0.33,,9608.82,5726,False,0
a85119,JBU399  ,United States,1749938518.0,1749938518,-77.8398,33.248,10980.42,False,233.58,201.31,0.0,,11612.88,3353,False,0
a7daa8,N605JP  ,United States,1749938518.0,1749938518,-74.2542,40.6413,3131.82,False,172.35,179.49,11.7,,3253.74,3360,False,0
ac79c7,AAL2478 ,United States,1749938517.0,1749938518,-80.4455,31.8462,11277.6,False,232.78,339.56,-0.33,,11940.54,3352,False,0
a146f9,UAL2853 ,United States,1749938454.0,1749938454,-74.1671,40.6968,,True,3.86,295.31,,,,3737,False,0
a409d3,N3599D  ,United States,1749938517.0,1749938517,-79.9676,35.3009,0.0,False,37.55,80.54,0.65,,,,False,0
aa39fd,RPA3499 ,United States,1749938499.0,1749938499,-77.4399,38.9349,,True,4.63,180.0,,,,,False,0
a85188,JIA5248 ,United States,1749938321.0,1749938339,-75.3221,39.8515,205.74,False,68.63,75.23,-3.9,,205.74,2144,False,0
ad2f7b,N949KC  ,United States,1749938518.0,1749938518,-74.4722,40.9295,868.68,False,60.84,168.79,0.0,,883.92,,False,0
a19dd8,N203HA  ,United States,1749938518.0,1749938518,-77.0401,38.8746,182.88,False,25.51,228.27,0.98,,152.4,5322,False,0
a3e5fa,DAL2084 ,United States,1749938518.0,1749938518,-74.7447,40.7387,10134.6,False,209.72,230.37,4.23,,10614.66,1311,False,0
ad70d2,N965XM  ,United States,1749938518.0,1749938518,-80.1368,40.8815,2118.36,False,89.84,129.89,0.0,,2171.7,,False,0
a2b45b,UAL1065 ,United States,1749938518.0,1749938518,-78.7924,40.21,10058.4,False,217.53,281.74,0.0,,10553.7,2760,False,0
a26473,UPS7924 ,United States,1749938518.0,1749938518,-78.7874,32.6226,12176.76,False,253.93,126.85,0.33,,12862.56,6756,False,0
a3711a,JBU822  ,United States,1749938518.0,1749938518,-75.235,37.8679,9845.04,False,249.17,4.26,-5.85,,10386.06,5677,False,0
a4f488,N4182T  ,United States,1749938259.0,1749938508,-80.7003,27.8553,556.26,False,43.41,185.44,-0.33,,594.36,,False,0
a7fde4,SKW3822 ,United States,1749938518.0,1749938518,-76.7617,39.9576,10363.2,False,189.05,236.09,0.0,,10896.6,7143,False,0
a88774,JBU1196 ,United States,1749938518.0,1749938518,-78.9005,35.9831,11277.6,False,259.49,36.78,0.0,,11917.68,1163,False,0
a3c192,FFT3075 ,United States,1749938518.0,1749938519,-80.2886,38.5259,11582.4,False,207.26,256.65,0.0,,12153.9,0517,False,0
a50192,RPA4384 ,United States,1749938518.0,1749938518,-80.7287,32.567,3901.44,False,164.37,31.3,13.66,,4137.66,,False,0
a87468,N644DF  ,United States,1749938470.0,1749938481,-80.4737,27.6133,868.68,False,62.38,310.65,-0.33,,914.4,,False,0
a44f0d,DAL2699 ,United States,1749938518.0,1749938519,-78.742,35.9229,350.52,False,70.22,225.89,-2.6,,358.14,2670,False,0
a1dc31,AAY1211 ,United States,1749938518.0,1749938518,-76.7496,40.1006,1112.52,False,136.98,182.58,14.31,,1143.0,,False,0
ac0dd9,AAL2288 ,United States,1749938518.0,1749938518,-78.8486,35.4364,8839.2,False,254.04,69.99,0.0,,9349.74,3662,False,0
a993ad,JIA5111 ,United States,1749938518.0,1749938518,-79.6164,36.5492,3558.54,False,159.16,201.42,-9.43,,3726.18,6504,False,0
a67c3a,JBU451  ,United States,1749938518.0,1749938518,-78.1847,38.3266,10370.82,False,212.15,223.53,-0.33,,10919.46,3541,False,0
a07eee,CNS298  ,United States,1749938518.0,1749938518,-78.4921,37.6738,5486.4,False,127.58,216.64,0.0,,5760.72,1555,False,0
a6cc45,AAL1422 ,United States,1749938518.0,1749938518,-75.2552,39.5326,10058.4,False,259.4,37.51,0.33,,10576.56,3113,False,0
a43bc6,FFT3373 ,United States,1749938518.0,1749938518,-80.6614,32.4284,11574.78,False,224.79,195.53,0.33,,12245.34,6241,False,0
a3e882,N35099  ,United States,1749938507.0,1749938507,-80.279,35.0684,426.72,False,48.97,279.07,1.3,,472.44,,False,0
ac77d3,AAL512  ,United States,1749938518.0,1749938519,-80.3271,34.5841,4442.46,False,175.54,333.74,-3.25,,4686.3,2057,False,0
a0bd47,CXK421  ,United States,1749938518.0,1749938518,-78.7677,35.8887,205.74,False,45.11,225.0,-3.9,,190.5,,False,0
a1a7c5,N2056E  ,United States,1749938509.0,1749938509,-80.8462,28.1009,731.52,False,61.05,290.73,-0.65,,746.76,,False,0
a754b5,UAL351  ,United States,1749938518.0,1749938518,-74.26,40.5416,891.54,False,86.61,34.35,0.65,,899.16,3361,False,0
a3d4ed,AAL1153 ,United States,1749938518.0,1749938518,-78.0769,38.9021,2339.34,False,154.35,127.82,-7.15,,2438.4,1011,False,0
ab586f,AAL868  ,United States,1749938500.0,1749938510,-75.3226,39.8513,205.74,False,65.38,75.42,-3.9,,213.36,1001,False,0
a384f8,DAL2310 ,United States,1749938517.0,1749938518,-77.4593,39.2442,10972.8,False,191.18,240.68,0.0,,11529.06,1116,False,0
a07fa6,RPA4523 ,United States,1749938518.0,1749938518,-74.167,40.5284,2087.88,False,119.25,70.86,0.98,,2156.46,2220,False,0
ab252d,WUP817  ,United States,1749938518.0,1749938518,-74.6995,40.6248,7924.8,False,102.48,240.86,0.33,,8290.56,1372,False,0
a9d5e5,UAL590  ,United States,1749938518.0,1749938519,-77.7562,39.0085,5791.2,False,195.51,262.74,0.0,,6073.14,2430,False,0
a1babb,ENY3452 ,United States,1749938518.0,1749938518,-78.3936,38.8524,5166.36,False,175.44,269.16,-0.33,,5410.2,6230,False,0
a8fe4b,XFL511  ,United States,1749938518.0,1749938518,-80.6139,33.9989,13723.62,False,226.3,191.54,0.33,,14340.84,7517,False,0
aca6c0,AAL2523 ,United States,1749938518.0,1749938518,-78.459,36.3365,11277.6,False,260.19,43.48,0.33,,11902.44,6030,False,0
a8a41d,N656MF  ,United States,1749938517.0,1749938517,-80.5745,28.0459,1021.08,False,39.69,137.63,0.0,,1097.28,,False,0
ad63a8,LRC623  ,United States,1749938518.0,1749938518,-80.8092,38.8494,10972.8,False,229.63,188.89,0.0,,11529.06,6540,False,0
aaf0c6,AAL759  ,United States,1749938518.0,1749938518,-74.0028,39.6105,4732.02,False,203.21,230.55,-9.75,,4945.38,2437,False,0
ad50a9,SWA1691 ,United States,1749938516.0,1749938517,-80.7677,29.9391,11582.4,False,231.32,176.94,0.33,,12260.58,1323,False,0
abbc75,SWA2202 ,United States,1749938461.0,1749938461,-76.697,39.1752,76.2,False,71.14,93.73,-3.25,,129.54,7424,False,0
a3a152,DAL2251 ,United States,1749938518.0,1749938518,-80.4877,40.3665,10972.8,False,224.69,259.18,0.0,,11498.58,3417,False,0
a8a490,RPA3547 ,United States,1749938519.0,1749938519,-74.9208,40.2422,2628.9,False,154.26,43.92,-5.85,,2735.58,2470,False,0
a96172,KOW703  ,United States,1749938518.0,1749938518,-74.9788,40.4115,1927.86,False,149.11,56.97,-8.13,,1965.96,4143,False,0
adb476,AAL2412 ,United States,1749938517.0,1749938518,-78.3838,38.7275,3307.08,False,162.88,58.17,-5.53,,3451.86,3345,False,0
a90aaa,PDT5935 ,United States,1749938519.0,1749938519,-77.9093,40.3089,7551.42,False,249.18,96.76,-6.83,,7924.8,4046,False,0
a7cc1b,N601MT  ,United States,1749938434.0,1749938490,-79.3877,34.8834,518.16,False,59.57,163.44,-2.6,,548.64,,False,0
8406d0,JAL4    ,Japan,1749938518.0,1749938518,-74.4136,40.946,6118.86,False,232.45,98.4,-3.9,,6377.94,1430,False,0
a90c14,EJA682  ,United States,1749938518.0,1749938518,-76.2697,38.8044,5631.18,False,218.12,75.24,-11.38,,5882.64,1504,False,0
a7cc2c,NKS2811 ,United States,1749938518.0,1749938518,-80.514,27.2815,8199.12,False,228.13,338.29,4.23,,8732.52,,False,0
3949f7,AFR31T  ,France,1749938518.0,1749938518,-75.3208,39.6596,10668.0,False,275.43,49.32,0.0,,11216.64,2224,False,0
a01880,AAL15   ,United States,1749938518.0,1749938518,-74.0638,40.4054,3048.0,False,146.7,212.69,10.4,,3147.06,2240,False,0
a16ba1,N1908F  ,United States,1749938505.0,1749938511,-80.3593,35.2062,883.92,False,43.75,228.81,0.33,,922.02,,False,0
aca79d,EDV5540 ,United States,1749938515.0,1749938515,-77.4548,38.9373,,True,0.0,225.0,,,,,False,0
a53ba4,RPA4673 ,United States,1749938518.0,1749938518,-76.6408,37.8762,3032.76,False,175.11,235.05,-0.33,,3185.16,3030,False,0
aaafd8,SKW4700 ,United States,1749938519.0,1749938519,-76.9044,40.2473,731.52,False,74.77,116.57,-4.88,,731.52,1343,False,0
a3a222,DAL1312 ,United States,1749938452.0,1749938452,-78.7756,35.8958,129.54,False,64.4,225.97,-3.25,,137.16,1625,False,0
aca950,DAL2539 ,United States,1749938518.0,1749938518,-80.2054,35.6198,4983.48,False,159.2,240.37,12.35,,5257.8,,False,0
ab7fee,AAL1970 ,United States,1749938518.0,1749938518,-80.5155,34.2572,11582.4,False,211.86,193.77,0.0,,12207.24,3373,False,0
ac9ff2,AAL3276 ,United States,1749938518.0,1749938518,-78.3409,40.1472,9601.2,False,212.08,274.45,3.9,,10073.64,3322,False,0
aae008,N80FG   ,United States,1749938371.0,1749938371,-78.7754,35.8824,144.78,False,34.2,223.78,-2.93,,137.16,,False,0
a50833,EJA423  ,United States,1749938518.0,1749938518,-80.8036,35.5631,1828.8,False,139.0,229.35,-7.8,,1935.48,7113,False,0
a36553,JBU250  ,United States,1749938518.0,1749938518,-79.092,35.1513,10668.0,False,254.73,30.19,0.33,,11277.6,1021,False,0
abaa1a,SWA1546 ,United States,1749938518.0,1749938518,-75.1298,39.9522,1539.24,False,121.4,346.02,9.1,,1577.34,,False,0
a8553c,NKS2114 ,United States,1749938518.0,1749938518,-78.6655,35.9713,800.1,False,95.67,225.22,-5.2,,845.82,1125,False,0
a89bab,AAL1877 ,United States,1749938519.0,1749938519,-80.1194,36.1986,6446.52,False,191.05,213.69,-9.43,,6819.9,3655,False,0
abbd73,SWA1670 ,United States,1749938516.0,1749938518,-80.9646,38.3134,10972.8,False,220.68,249.96,-0.33,,11513.82,6570,False,0
aaf1cf,TCN804  ,United States,1749938518.0,1749938518,-77.0557,38.1229,11971.02,False,240.55,28.48,-6.18,,12580.62,5732,False,0
a017a8,DAL305  ,United States,1749938518.0,1749938518,-75.0333,38.2494,9006.84,False,252.55,12.11,-7.15,,9517.38,1765,False,0
adea26,AAL3017 ,United States,1749938518.0,1749938518,-80.5547,34.8257,3817.62,False,155.47,321.04,-2.93,,4023.36,2362,False,0
a9b275,AAL9789 ,United States,1749938518.0,1749938518,-79.3799,40.5267,11582.4,False,220.6,262.36,0.0,,12138.66,1137,False,0
ac57af,SWA264  ,United States,1749938518.0,1749938518,-76.7679,39.1792,388.62,False,84.08,94.21,-3.58,,403.86,0556,False,0
a39a30,WUP331  ,United States,1749938518.0,1749938518,-80.884,37.0649,12192.0,False,222.37,331.54,-0.33,,12786.36,0532,False,0
a854d0,JBU766  ,United States,1749938518.0,1749938518,-77.6929,35.2723,11277.6,False,250.11,38.4,0.33,,11925.3,2351,False,0
a8a4c7,UAL946  ,United States,1749938387.0,1749938387,-77.4411,38.9441,,True,1.03,90.0,,,,,False,0
abbbbb,WUP855  ,United States,1749938518.0,1749938519,-75.5238,39.2531,3954.78,False,170.08,145.97,-4.88,,4114.8,0230,False,0
aa4d77,JBU280  ,United States,1749938518.0,1749938518,-75.9489,36.0992,11285.22,False,248.93,32.08,0.0,,11917.68,6706,False,0
a2ca5d,UAL108  ,United States,1749938510.0,1749938515,-77.4428,38.945,,True,0.0,33.75,,,,,False,0
a987bf,FFT2415 ,United States,1749938518.0,1749938518,-80.9168,30.1706,7315.2,False,214.84,163.3,0.0,,7764.78,7071,False,0
a43ee5,UAL1654 ,United States,1749938517.0,1749938517,-80.5581,37.2512,10972.8,False,212.27,239.08,0.0,,11551.92,5647,False,0
a2ebb9,CNS521  ,United States,1749938518.0,1749938518,-77.4331,36.0886,6705.6,False,113.09,289.67,0.0,,7078.98,2714,False,0
a17bfe,AAY2862 ,United States,1749938518.0,1749938518,-79.2877,39.6289,10668.0,False,258.77,37.33,0.33,,11216.64,0742,False,0
a36241,EJA317  ,United States,1749938316.0,1749938321,-76.442,39.3478,114.3,False,54.93,135.38,-2.93,,99.06,6702,False,0
a2b88d,N2746L  ,United States,1749938222.0,1749938226,-80.6112,35.0083,632.46,False,46.93,135.44,0.0,,670.56,,False,0
a42bd4,UPS5282 ,United States,1749938518.0,1749938518,-80.9514,35.4015,1188.72,False,85.66,175.52,-0.33,,1242.06,0632,False,0
a3c549,,United States,1749938517.0,1749938517,-78.1316,31.4725,11277.6,False,218.4,355.14,0.0,,11932.92,,False,0
a50549,RPA4352 ,United States,1749938518.0,1749938518,-78.6222,27.3707,9136.38,False,233.67,6.83,8.45,,9685.02,,False,0
a8781c,EJM645  ,United States,1749938518.0,1749938518,-74.725,40.1889,777.24,False,129.53,85.44,-5.2,,784.86,6517,False,0
acda2c,SWA522  ,United States,1749938469.0,1749938469,-78.2045,31.039,11887.2,False,227.12,10.57,0.0,,12550.14,1553,False,0
a517a1,SWA2422 ,United States,1749938518.0,1749938518,-77.5444,37.6341,7010.4,False,214.81,28.77,0.0,,7376.16,3031,False,0
ac4279,SWA2401 ,United States,1749938518.0,1749938518,-80.3938,38.4043,11582.4,False,210.5,200.61,0.0,,12146.28,7415,False,0
a30d18,EDV5156 ,United States,1749938518.0,1749938518,-75.4799,39.284,8054.34,False,249.86,35.78,-12.68,,8481.06,1020,False,0
a3d7e2,LXJ347  ,United States,1749938518.0,1749938518,-79.5585,37.617,10668.0,False,199.33,241.65,0.0,,11231.88,5636,False,0
a8b56f,NKS2692 ,United States,1749938480.0,1749938484,-74.1762,40.6874,,True,1.29,329.06,,,,,False,0
a9854e,AAL2296 ,United States,1749938518.0,1749938518,-75.4917,39.6943,1143.0,False,111.05,346.61,-3.58,,1181.1,1354,False,0
a9984d,N717Z   ,United States,1749938518.0,1749938518,-75.8081,40.2028,1181.1,False,74.02,300.49,0.0,,1203.96,,False,0
acb82c,DAL579  ,United States,1749938519.0,1749938519,-80.2916,37.0356,9761.22,False,235.93,318.98,-0.33,,10302.24,5623,False,0
a997cc,DAL392  ,United States,1749938518.0,1749938518,-79.3932,40.292,10332.72,False,212.28,281.75,0.0,,10835.64,6505,False,0
ab355c,JBU1098 ,United States,1749938518.0,1749938518,-79.3176,34.072,11277.6,False,234.26,341.57,0.0,,11940.54,6226,False,0
a9d59a,UAL1071 ,United States,1749938482.0,1749938517,-77.4511,38.9461,,True,0.64,185.62,,,,,False,0
ad0bbc,N94KM   ,United States,1749938518.0,1749938518,-77.2878,35.0381,2065.02,False,110.39,119.91,-2.28,,2148.84,1200,False,0
a05cf3,AAL2303 ,United States,1749938518.0,1749938518,-80.297,35.4456,10355.58,False,216.36,203.4,0.0,,10949.94,1721,False,0
a24304,EPI245  ,United States,1749938516.0,1749938516,-80.9196,28.9534,335.28,False,45.16,317.77,-0.33,,373.38,,False,0
a3899a,N327PD  ,United States,1749938518.0,1749938518,-80.8364,38.3528,12199.62,False,234.15,1.51,-6.83,,12771.12,3445,False,0
aaadb2,SWA2951 ,United States,1749938518.0,1749938518,-78.6926,39.776,8618.22,False,224.39,301.98,6.83,,9037.32,1335,False,0
a66d96,N513LH  ,United States,1749938514.0,1749938515,-77.4367,34.7374,1905.0,False,135.04,227.01,-5.85,,1973.58,,False,0
a78d6b,JIA5294 ,United States,1749938517.0,1749938518,-76.2557,40.6057,7002.78,False,218.44,183.1,8.45,,7322.82,,False,0
a23030,MXY810  ,United States,1749938518.0,1749938518,-76.8687,38.0873,11887.2,False,247.46,38.59,0.0,,12489.18,0722,False,0
a997e5,AAL1218 ,United States,1749938518.0,1749938518,-80.2955,39.1713,10363.2,False,233.76,297.24,0.0,,10881.36,7015,False,0
ac5746,SWA667  ,United States,1749938517.0,1749938517,-80.7293,36.882,10363.2,False,207.61,249.09,0.33,,10911.84,6203,False,0
a8fd2c,PDT5923 ,United States,1749938518.0,1749938518,-75.3825,39.8393,487.68,False,83.53,73.91,-4.88,,495.3,1010,False,0
ab7e7c,N84LB   ,United States,1749938499.0,1749938499,-79.579,36.412,1036.32,False,75.06,214.67,-0.33,,1120.14,,False,0
a24370,JSX501  ,United States,1749938518.0,1749938519,-75.4307,39.4145,8298.18,False,247.89,42.9,-9.75,,8709.66,3750,False,0
a6cfb7,N538SB  ,United States,1749938518.0,1749938518,-78.7215,35.6025,838.2,False,80.91,352.69,-2.6,,868.68,2673,False,0
a86605,JBU2583 ,United States,1749938517.0,1749938518,-76.5636,39.3274,10980.42,False,208.44,225.3,0.33,,11551.92,3077,False,0
3c061d,VJH983  ,Germany,1749938519.0,1749938519,-76.9706,39.3189,4396.74,False,213.23,111.37,5.2,,4594.86,5643,False,0
a638a0,MVP347  ,United States,1749938519.0,1749938519,-79.9333,38.1549,12496.8,False,180.57,189.68,0.33,,13091.16,4106,False,0
407be2,EUK9YG  ,United Kingdom,1749938517.0,1749938517,-80.5864,28.5033,5212.08,False,199.08,82.87,9.75,,5532.12,0237,True,0
a388af,DAL1075 ,United States,1749938518.0,1749938518,-74.9297,39.8297,10668.0,False,252.29,37.13,0.0,,11209.02,3664,False,0
aa4b32,RPA3453 ,United States,1749938516.0,1749938516,-77.4432,38.9409,,True,0.0,90.0,,,,,False,0
a6ab2f,N529JK  ,United States,1749938518.0,1749938518,-79.9966,35.0673,1036.32,False,59.13,27.46,3.25,,1013.46,,False,0
adc65e,AAL2282 ,United States,1749938518.0,1749938518,-78.8798,35.8608,10972.8,False,214.41,261.31,0.0,,11590.02,2162,False,0
a12403,UAL269  ,United States,1749938518.0,1749938518,-74.5205,40.4128,1440.18,False,132.88,78.39,-1.95,,1485.9,1416,False,0
a9607d,JBU1586 ,United States,1749938518.0,1749938518,-80.8933,38.9133,11269.98,False,231.32,3.06,0.0,,11833.86,1336,False,0
a46e70,LXJ385  ,United States,1749938518.0,1749938518,-77.4573,38.9432,,True,5.66,191.25,,,,,False,0
408120,VIR129R ,United Kingdom,1749938518.0,1749938518,-80.4611,35.054,12192.0,False,216.38,201.62,0.0,,12839.7,0764,False,0
ad3c16,AAL1515 ,United States,1749938517.0,1749938518,-80.822,35.1004,3101.34,False,134.84,354.75,-2.6,,3268.98,3340,False,0
aa69db,ENY4040 ,United States,1749938518.0,1749938518,-79.5432,39.0568,10363.2,False,214.7,281.47,-0.33,,10881.36,2372,False,0
a1fb33,MXY633  ,United States,1749938518.0,1749938518,-76.3184,40.1076,5151.12,False,200.19,238.56,-5.85,,5387.34,1313,False,0
a34e97,DAL1685 ,United States,1749938518.0,1749938518,-80.4825,28.8306,4191.0,False,176.79,261.63,-5.53,,4450.08,,False,0
adf445,DCM4224 ,United States,1749938512.0,1749938512,-78.7224,33.7049,5143.5,False,212.24,47.26,-0.33,,5425.44,,False,0
ae1451,MANU61  ,United States,1749938518.0,1749938518,-80.9182,33.4462,7955.28,False,195.36,315.75,2.93,,8435.34,7367,False,0
acd481,AAL2933 ,United States,1749938518.0,1749938518,-78.8592,36.0751,10668.0,False,263.94,40.18,-0.33,,11277.6,3525,False,0
a70b43,SKYY5   ,United States,1749938518.0,1749938518,-78.6428,35.784,396.24,False,3.92,156.8,-0.98,,396.24,,False,0
a1a110,MXY786  ,United States,1749938518.0,1749938518,-75.1044,38.4887,10058.4,False,240.96,4.41,0.0,,10591.8,5765,False,0
a71e5c,JIA5674 ,United States,1749938518.0,1749938518,-77.304,39.0143,5783.58,False,198.64,208.29,1.3,,6050.28,2165,False,0
a57b8b,SWA2275 ,United States,1749938518.0,1749938518,-77.1576,39.491,3032.76,False,164.33,75.31,-7.8,,3177.54,6770,False,0
a83e63,N630GS  ,United States,1749938117.0,1749938241,-79.7184,40.3182,1127.76,False,72.43,276.12,-2.28,,1135.38,2627,False,0
a3f45e,N354HF  ,United States,1749938517.0,1749938518,-77.6302,38.9745,464.82,False,44.14,49.25,-0.33,,480.06,,False,0
a5212e,N43EE   ,United States,1749938516.0,1749938518,-78.6401,35.7852,396.24,False,1.85,213.69,0.33,,403.86,,False,0
a3f401,DAL997  ,United States,1749938519.0,1749938519,-76.8568,38.1605,11269.98,False,260.17,69.27,0.33,,11864.34,7233,False,0
a94ae3,UAL251  ,United States,1749938513.0,1749938513,-77.4528,38.9446,,True,0.9,348.75,,,,,False,0
0d0b4b,AMX456  ,Mexico,1749938504.0,1749938513,-80.8184,37.1259,10363.2,False,219.95,238.88,0.0,,10919.46,3624,False,0
a8f77c,UAL110  ,United States,1749938316.0,1749938322,-74.1775,40.681,,True,0.0,205.31,,,,,False,0
ac82f5,NKS2532 ,United States,1749938518.0,1749938518,-76.5732,38.9006,1661.16,False,131.87,348.3,-2.93,,1722.12,7747,False,0
a6eadd,N545DU  ,United States,1749938264.0,1749938273,-78.4746,36.3163,388.62,False,61.5,43.31,-1.3,,388.62,,False,0
a10f8a,N168BL  ,United States,1749938238.0,1749938251,-78.3797,35.5607,205.74,False,37.16,201.95,-3.58,,190.5,,False,0
a71ded,JBU170  ,United States,1749938518.0,1749938518,-78.927,27.2721,7520.94,False,245.63,8.67,2.28,,8016.24,,False,0
c08335,WJA2946 ,Canada,1749938518.0,1749938518,-77.7049,39.9914,10972.8,False,227.51,168.92,0.0,,11521.44,6506,False,0
ab772d,DAL85   ,United States,1749938518.0,1749938518,-78.8004,38.1698,10972.8,False,220.89,226.6,0.0,,11513.82,0724,False,0
a809f8,JIA9950 ,United States,1749938518.0,1749938518,-76.9103,36.4032,4983.48,False,155.91,81.84,-5.53,,5234.94,2110,False,0
3c656c,DLH409  ,Germany,1749938518.0,1749938518,-75.4029,39.3176,10668.0,False,278.66,56.75,0.0,,11209.02,0547,False,0
a7b0c4,JBU1016 ,United States,1749938518.0,1749938518,-76.6373,38.5087,9395.46,False,245.53,358.08,-4.55,,9921.24,5775,False,0
a94c2a,PDT5823 ,United States,1749938518.0,1749938518,-77.8949,38.5818,6416.04,False,201.1,199.27,13.33,,6736.08,3001,False,0
a1b535,UAL30   ,United States,1749938514.0,1749938514,-74.1712,40.6909,,True,3.34,205.31,,,,,False,0
a5dee3,ASA477  ,United States,1749938518.0,1749938518,-74.7757,40.9227,1783.08,False,145.62,125.66,0.0,,1828.8,4104,False,0
abb537,ASH6026 ,United States,1749938518.0,1749938518,-77.7781,38.7058,1508.76,False,146.62,89.4,-0.33,,1577.34,6633,False,0
adf51c,N999LR  ,United States,1749938517.0,1749938517,-74.2464,39.6135,1485.9,False,129.08,27.28,0.33,,1524.0,1155,False,0
a1fd04,N227WP  ,United States,1749938517.0,1749938518,-80.0816,36.1527,1554.48,False,133.76,131.41,-11.38,,1615.44,6501,False,0
a1b4b2,AAY2756 ,United States,1749938518.0,1749938518,-80.5291,38.3572,10279.38,False,227.68,189.89,2.6,,10828.02,,False,0
aa5887,N766HF  ,United States,1749938518.0,1749938518,-77.6342,38.9723,449.58,False,41.57,40.99,1.3,,480.06,,False,0
aa67c6,N77ME   ,United States,1749938518.0,1749938518,-76.8232,39.4996,1196.34,False,128.62,270.46,0.0,,1234.44,2626,False,0
a0b820,UAL1728 ,United States,1749938518.0,1749938518,-78.0234,38.9026,3611.88,False,158.9,290.66,14.31,,3771.9,3635,False,0
a913d6,UAL967  ,United States,1749938466.0,1749938466,-74.1817,40.699,,True,5.14,182.81,,,,3046,False,0
a3183d,EDV5241 ,United States,1749938518.0,1749938518,-77.1733,39.3098,8534.4,False,224.16,219.13,0.0,,8976.36,1136,False,0
ac8289,JBU263  ,United States,1749938518.0,1749938518,-78.7792,40.1489,10363.2,False,217.04,280.38,-0.33,,10858.5,2665,False,0
a4380f,FFT48   ,United States,1749938517.0,1749938517,-75.4277,37.9513,6736.08,False,211.28,353.43,-5.2,,7086.6,5073,False,0
ab7522,,United States,1749938371.0,1749938374,-77.0627,39.5966,335.28,False,39.13,298.25,0.0,,358.14,,False,0
ac2bb9,ASH6073 ,United States,1749938457.0,1749938465,-77.4538,38.9466,,True,0.45,180.0,,,,,False,0
a8e0a5,NKS2122 ,United States,1749938517.0,1749938517,-79.0691,27.008,7917.18,False,217.75,31.47,7.48,,8397.24,,False,0
a89234,UAL242  ,United States,1749938518.0,1749938518,-77.4387,38.9464,,True,3.34,112.5,,,,,False,0
a10d1e,EJA167  ,United States,1749938518.0,1749938518,-77.0931,39.3166,4130.04,False,204.07,63.5,16.91,,4328.16,5352,False,0
a91535,UAL1149 ,United States,1749938518.0,1749938518,-76.7698,39.6045,10363.2,False,214.17,235.97,0.0,,10896.6,5626,False,0
a677bf,N516AF  ,United States,1749938393.0,1749938393,-74.4025,40.8107,68.58,False,40.75,217.3,-2.28,,83.82,,False,0
a437da,DAL1133 ,United States,1749938518.0,1749938518,-80.4381,36.2072,10363.2,False,216.45,187.65,0.0,,10927.08,0077,False,0
a46d26,UAL2858 ,United States,1749937984.0,1749938274,-74.177,40.6827,,True,4.63,146.25,,,,,False,0
a34d2f,JBU1220 ,United States,1749938518.0,1749938518,-74.5751,40.147,10668.0,False,261.51,47.87,0.0,,11193.78,7466,False,0
a7d58f,N6036A  ,United States,1749938328.0,1749938328,-80.6476,32.9344,106.68,False,37.98,171.43,-6.5,,144.78,6104,False,0
ab62d3,SWA1961 ,United States,1749938518.0,1749938518,-78.1276,39.0631,2918.46,False,155.52,139.83,-4.88,,3040.38,7426,False,0
a8e247,DAL1883 ,United States,1749938518.0,1749938518,-80.1186,32.9026,11887.2,False,219.82,277.13,0.0,,12542.52,5727,False,0
ab5056,UAL777  ,United States,1749938518.0,1749938518,-80.2596,40.4868,624.84,False,82.84,271.07,13.0,,617.22,,False,0
a784f9,N584CC  ,United States,1749938500.0,1749938500,-74.4188,39.3547,15.24,False,20.04,29.2,-0.65,,0.0,,False,0
a46d8f,UAL2704 ,United States,1749938518.0,1749938518,-77.4459,38.9436,,True,4.63,171.56,,,,,False,0
acc040,EDV5075 ,United States,1749938518.0,1749938518,-80.8656,38.7979,9144.0,False,230.68,267.57,0.33,,9608.82,3340,False,0
a7d4c2,N6030F  ,United States,1749938517.0,1749938517,-80.1748,27.173,449.58,False,39.94,82.6,2.93,,502.92,,False,0
a6a300,ASA9    ,United States,1749938518.0,1749938518,-77.4907,39.1417,4831.08,False,193.92,346.81,13.66,,5021.58,7061,False,0
a2f95c,ASA290  ,United States,1749938264.0,1749938264,-74.1761,40.6832,,True,6.94,205.31,,,,,False,0
a40027,AAL1216 ,United States,1749938518.0,1749938518,-74.9818,40.4911,7056.12,False,191.19,250.35,11.05,,7360.92,2735,False,0
ad1986,AAL2135 ,United States,1749938518.0,1749938518,-80.823,34.3619,10972.8,False,215.01,204.6,0.0,,11590.02,0551,False,0
aa8a83,AAL704  ,United States,1749938517.0,1749938518,-77.549,37.4484,10668.0,False,275.79,39.78,0.0,,11262.36,1124,False,0
a4003d,EJA357  ,United States,1749938518.0,1749938518,-79.1619,36.9404,10888.98,False,208.15,216.56,-11.38,,11460.48,1015,False,0
a4008e,AAL2603 ,United States,1749938517.0,1749938518,-74.8924,40.171,7185.66,False,204.35,263.93,8.13,,7513.32,1704,False,0
ac74f9,EDV5323 ,United States,1749938518.0,1749938518,-74.0432,40.6879,1181.1,False,99.18,205.5,0.0,,1211.58,7377,False,0
a70f98,N554PM  ,United States,1749938517.0,1749938517,-76.494,40.0601,883.92,False,69.74,68.36,0.33,,891.54,,False,0
a5cf3c,UAL1523 ,United States,1749938404.0,1749938406,-77.4518,38.9473,,True,0.06,270.0,,,,,False,0
c8281c,ANZ2    ,New Zealand,1749938517.0,1749938518,-80.0489,37.8486,11277.6,False,271.85,85.77,0.0,,11856.72,0512,False,0
c08852,POE505  ,Canada,1749938518.0,1749938518,-79.4211,37.0168,12192.0,False,202.36,276.28,0.33,,12793.98,2163,False,0
c0751c,ROU1674 ,Canada,1749938498.0,1749938503,-80.5353,37.8764,11574.78,False,215.94,190.29,0.0,,12153.9,6317,False,0
aa4945,COL762  ,United States,1749938518.0,1749938518,-74.1471,39.5613,1744.98,False,133.88,224.07,-5.2,,1798.32,7361,False,0
acc59d,PDT5746 ,United States,1749938518.0,1749938518,-75.6492,40.0509,1798.32,False,137.53,195.18,0.0,,1859.28,3502,False,0
a65847,GJS4467 ,United States,1749938442.0,1749938442,-74.1747,40.6964,,True,4.12,219.38,,,,0550,False,0
abb7a3,EJA854  ,United States,1749938517.0,1749938518,-76.8502,39.8606,4099.56,False,190.93,238.67,-7.8,,4236.72,1167,False,0
c060c7,POE537  ,Canada,1749938518.0,1749938518,-80.315,36.5301,11582.4,False,198.77,188.63,0.33,,12169.14,0543,False,0
a8e6e2,PDT5858 ,United States,1749938517.0,1749938518,-75.4963,39.8165,876.3,False,90.34,75.49,0.0,,891.54,1456,False,0
a1feea,MXY731  ,United States,1749938511.0,1749938517,-78.5609,34.0269,4305.3,False,187.22,32.77,11.05,,4541.52,,False,0
a38252,EJA325  ,United States,1749938518.0,1749938518,-74.8125,39.0985,2103.12,False,149.58,57.79,-0.98,,2186.94,,False,0
a6eeb9,JIA5505 ,United States,1749938518.0,1749938518,-77.4605,39.2988,5166.36,False,192.41,0.61,0.0,,5402.58,2466,False,0
ade543,AAL1682 ,United States,1749938518.0,1749938518,-80.7135,31.2092,8534.4,False,235.73,178.25,0.0,,9060.18,1711,False,0
a70eda,LXJ554  ,United States,1749938518.0,1749938518,-76.1989,40.4569,9144.0,False,217.64,243.31,0.0,,9578.34,6633,False,0
c06177,POE517  ,Canada,1749938518.0,1749938518,-78.2238,38.2164,12192.0,False,204.61,213.41,0.0,,12778.74,5521,False,0
a19d59,MXY714  ,United States,1749938518.0,1749938518,-77.8226,38.3052,10972.8,False,212.38,221.96,0.0,,11536.68,1416,False,0
add0d8,N99FS   ,United States,1749938518.0,1749938518,-77.2754,38.7311,762.0,False,69.87,193.63,0.65,,822.96,,False,0
a417fe,FFT3748 ,United States,1749938518.0,1749938518,-79.7801,34.9484,11285.22,False,253.04,31.36,0.0,,11925.3,0452,False,0
aa7e9b,UAL620  ,United States,1749938518.0,1749938518,-74.2179,40.6088,426.72,False,77.11,24.86,-4.23,,449.58,0257,False,0
a764e6,CAP4529 ,United States,1749938518.0,1749938518,-77.8754,38.9019,746.76,False,62.13,154.5,0.0,,731.52,,False,0
a28928,UAL688T ,United States,1749938480.0,1749938504,-77.4387,38.936,,True,0.0,180.0,,,,,False,0
a1b90d,N21VJ   ,United States,1749938518.0,1749938518,-76.7362,35.5516,6096.0,False,119.36,0.49,3.9,,6431.28,1347,False,0
abdb88,RPA4793 ,United States,1749938518.0,1749938518,-79.9727,40.277,10363.2,False,226.43,271.43,0.0,,10888.98,1552,False,0
a0232a,RPA4495 ,United States,1749938518.0,1749938518,-80.5823,38.4706,9144.0,False,221.73,256.45,-0.33,,9593.58,6257,False,0
add2b6,AAL2165 ,United States,1749938518.0,1749938518,-79.0687,32.6511,10683.24,False,245.43,14.44,0.0,,11323.32,6714,False,0
a4afbe,AAL3133 ,United States,1749938518.0,1749938518,-74.6884,39.1816,3611.88,False,184.92,319.17,-4.88,,3764.28,6644,False,0
ab68d0,SKW3714 ,United States,1749938518.0,1749938518,-80.3492,33.5615,5951.22,False,207.68,5.26,8.45,,6294.12,7306,False,0
ad7078,WUP965  ,United States,1749938441.0,1749938450,-80.0042,37.8664,6499.86,False,238.9,185.81,-5.2,,6835.14,7406,False,0
a5397a,FCE43   ,United States,1749938430.0,1749938430,-77.0686,34.8033,2400.3,False,82.72,284.04,-0.33,,2514.6,,False,0
a38367,JBU2473 ,United States,1749938518.0,1749938518,-79.6021,35.4094,8534.4,False,173.57,212.04,0.0,,9022.08,1633,False,0
a8d4f6,UAL413  ,United States,1749938514.0,1749938518,-79.1727,33.3132,10058.4,False,237.16,359.63,0.0,,10645.14,1564,False,0
a1ecfd,RPA5675 ,United States,1749938518.0,1749938518,-78.2101,37.9545,9753.6,False,222.34,216.82,-0.33,,10302.24,3004,False,0
ab9e5b,N848JB  ,United States,1749938518.0,1749938518,-74.3478,40.7857,563.88,False,56.86,28.65,0.33,,579.12,3536,False,0
a9f4c6,RPA3566 ,United States,1749938518.0,1749938518,-79.0355,39.013,7002.78,False,183.75,274.66,7.8,,7338.06,2452,False,0
a3965c,FFT1384 ,United States,1749938518.0,1749938518,-80.681,35.186,3108.96,False,167.04,46.62,4.23,,3268.98,,False,0
abb995,SWA3335 ,United States,1749938517.0,1749938518,-79.6923,37.6967,10607.04,False,210.78,237.36,7.8,,11155.68,2146,False,0
a75359,JIA5474 ,United States,1749938518.0,1749938518,-80.7153,33.5141,3992.88,False,172.72,188.56,-4.88,,4206.24,1160,False,0
ac899f,EPI907  ,United States,1749938518.0,1749938518,-80.9749,29.0559,152.4,False,48.55,9.76,-2.93,,175.26,,False,0
ac501e,SWA756  ,United States,1749938518.0,1749938518,-80.418,34.5285,8404.86,False,261.88,52.34,-5.2,,8907.78,4111,False,0
a1db22,MXY500  ,United States,1749938518.0,1749938518,-80.6869,33.2529,3390.9,False,161.81,148.79,-5.85,,3581.4,3437,False,0
a2b2e1,AAY529  ,United States,1749938518.0,1749938518,-80.4433,31.3506,10980.42,False,235.07,171.57,0.33,,11635.74,2115,False,0
ad3fd9,AAL3103 ,United States,1749938518.0,1749938518,-77.1268,39.3542,10972.8,False,214.61,219.26,0.0,,11544.3,1312,False,0
ade609,JBU772  ,United States,1749938518.0,1749938518,-77.6102,37.4605,10972.8,False,261.59,40.61,0.33,,11559.54,6141,False,0
a20a81,SWA4271 ,United States,1749938518.0,1749938518,-78.7937,33.3905,11887.2,False,224.55,336.08,0.0,,12542.52,6614,False,0
ac1e64,TCF880  ,United States,1749938309.0,1749938309,-80.6857,28.0931,137.16,False,51.51,357.14,-2.6,,160.02,,False,0
a05910,SKW5992 ,United States,1749938518.0,1749938518,-78.2864,34.5404,3901.44,False,166.45,317.88,8.78,,4114.8,,False,0
a57d42,AAL2300 ,United States,1749938518.0,1749938518,-77.8281,40.1317,9144.0,False,218.05,277.73,0.33,,9624.06,2607,False,0
abeb57,SWA1270 ,United States,1749938518.0,1749938518,-76.2778,40.93,5631.18,False,211.18,107.73,-9.75,,5875.02,2742,False,0
a05940,AAL1913 ,United States,1749938518.0,1749938518,-75.23,38.1724,6690.36,False,231.24,12.99,-5.2,,7025.64,5200,False,0
ab9b9d,UAL3018 ,United States,1749938338.0,1749938338,-77.4463,38.9462,,True,2.83,191.25,,,,0706,False,0
a33ca9,JBU2184 ,United States,1749938518.0,1749938518,-77.9434,36.1264,5532.12,False,213.97,46.56,6.5,,5821.68,3630,False,0
a0a967,UCA4364 ,United States,1749938423.0,1749938423,-77.4573,38.9387,,True,0.06,191.25,,,,,False,0
a0a98a,UCA4348 ,United States,1749938508.0,1749938513,-77.4408,38.9472,,True,0.0,109.69,,,,,False,0
a04695,DAL2266 ,United States,1749938517.0,1749938517,-80.7264,39.7429,10972.8,False,234.73,182.01,0.0,,11513.82,4156,False,0
a0339f,UCA4823 ,United States,1749938518.0,1749938518,-77.7296,40.612,6705.6,False,194.6,342.62,0.0,,7033.26,,False,0
c01d3c,WJA2928 ,Canada,1749938517.0,1749938518,-79.5067,37.6312,10972.8,False,214.92,197.7,0.0,,11544.3,1056,False,0
ab538b,DAL236  ,United States,1749938518.0,1749938519,-79.8021,28.6607,9014.46,False,255.96,69.16,3.9,,9578.34,7277,False,0
a1fe1b,N2275T  ,United States,1749938334.0,1749938339,-74.0814,40.8392,38.1,False,48.11,48.47,-0.98,,45.72,3526,False,0
a0a8da,UAL162  ,United States,1749938478.0,1749938478,-74.1726,40.6929,,True,3.6,300.94,,,,2414,False,0
a9afe7,NKS2112 ,United States,1749938518.0,1749938518,-80.778,40.2771,10980.42,False,223.34,271.45,0.0,,11529.06,7276,False,0
ac860c,CXK308  ,United States,1749938518.0,1749938518,-80.6984,35.4172,350.52,False,33.82,236.79,-1.95,,350.52,,False,0
a33e4a,AAY1996 ,United States,1749938519.0,1749938519,-74.1842,39.9077,10668.0,False,238.18,17.73,0.0,,11209.02,3220,False,0
abb6fd,N854JA  ,United States,1749938518.0,1749938518,-80.9096,38.3247,9753.6,False,190.13,170.03,0.98,,10256.52,,False,0
ab40ce,RPA5621 ,United States,1749938518.0,1749938518,-74.9809,39.8286,4678.68,False,197.33,33.73,-8.45,,4892.04,2617,False,0
478f5c,SAS904  ,Norway,1749938226.0,1749938226,-74.1812,40.677,,True,3.09,205.31,,,,,False,0
a5bb10,CNS888  ,United States,1749938518.0,1749938518,-77.0244,39.5253,1798.32,False,111.29,289.44,0.0,,1866.9,,False,0
ab6800,JBU471  ,United States,1749938518.0,1749938518,-75.9759,39.7269,11170.92,False,203.28,230.75,3.58,,11742.42,7127,False,0
a99077,AAL2210 ,United States,1749938516.0,1749938518,-80.4383,33.1533,2438.4,False,154.66,111.87,-13.33,,2590.8,4164,False,0
a6b8d5,LTA532  ,United States,1749938517.0,1749938518,-78.2093,35.6653,883.92,False,42.63,261.67,-0.33,,914.4,,False,0
a0345f,RPA4604 ,United States,1749938518.0,1749938519,-78.2075,38.7597,7924.8,False,209.47,235.61,0.0,,8328.66,1671,False,0
a19abb,N202PE  ,United States,1749938518.0,1749938518,-78.0572,38.8525,8229.6,False,119.92,221.35,0.0,,8663.94,3340,False,0
a2b112,UAL2073 ,United States,1749938409.0,1749938411,-77.4387,38.9391,,True,0.77,180.0,,,,,False,0
a0ddfb,AAL2307 ,United States,1749938518.0,1749938518,-80.7501,39.1426,7307.58,False,232.22,182.41,4.23,,7673.34,,False,0
a82dbd,NKS2602 ,United States,1749938424.0,1749938451,-78.2417,30.9265,11590.02,False,227.29,233.47,0.0,,12275.82,,False,0
a2b150,UAL2366 ,United States,1749938518.0,1749938518,-77.45,38.9442,,True,3.86,90.0,,,,,False,0
ac8777,SWA4123 ,United States,1749938519.0,1749938519,-77.1498,38.1602,6149.34,False,213.9,11.8,-10.08,,6454.14,2524,False,0
a57dbe,N453F   ,United States,1749938517.0,1749938517,-76.6187,39.3218,419.1,False,18.41,153.43,-1.95,,426.72,,False,0
a77721,JIA5591 ,United States,1749938402.0,1749938406,-75.3225,39.8513,213.36,False,68.13,75.12,-3.9,,213.36,1163,False,0
a2b17a,UAL2264 ,United States,1749938458.0,1749938458,-77.4394,38.9234,,True,1.03,104.06,,,,,False,0
a046f2,RPA4350 ,United States,1749938518.0,1749938518,-80.6852,33.3931,10058.4,False,238.58,63.49,-0.33,,10652.76,2650,False,0
a77757,EJA580  ,United States,1749938518.0,1749938518,-75.2062,40.253,12192.0,False,169.24,226.85,-0.33,,12733.02,7333,False,0
ae5dee,C2015   ,United States,1749938518.0,1749938518,-77.9703,36.1581,6416.04,False,171.87,85.36,0.98,,6743.7,3427,False,0
a70f11,JBU1642 ,United States,1749938315.0,1749938367,-78.2041,30.5297,10668.0,False,245.19,12.11,0.0,,11323.32,,False,0
a7faad,JBU495  ,United States,1749938517.0,1749938518,-77.7006,38.4113,10363.2,False,206.18,221.97,0.0,,10927.08,1723,False,0
ad1280,N941SS  ,United States,1749938518.0,1749938518,-77.0652,40.1605,883.92,False,57.11,72.71,0.0,,906.78,3237,False,0
a2af3e,EDV5518 ,United States,1749938518.0,1749938518,-75.9539,37.1944,3329.94,False,129.41,41.29,0.0,,3482.34,7124,False,0
a70778,GJS4497 ,United States,1749938369.0,1749938369,-77.4571,38.9377,,True,1.29,129.38,,,,,False,0
a01f84,N107JG  ,United States,1749938461.0,1749938461,-74.8306,40.2631,91.44,False,53.5,46.95,-2.6,,106.68,3554,False,0
a7f434,N611TX  ,United States,1749938517.0,1749938518,-78.2969,34.4299,3726.18,False,208.93,115.68,-18.21,,3916.68,3766,False,0
a79122,JIA5552 ,United States,1749938518.0,1749938518,-74.2724,40.4111,10058.4,False,255.51,39.36,0.0,,10546.08,2432,False,0
ab3ee2,ASH6101 ,United States,1749938508.0,1749938508,-77.44,38.9271,,True,2.83,180.0,,,,,False,0
a576ed,N451MG  ,United States,1749938465.0,1749938466,-77.2774,38.7667,731.52,False,76.01,129.51,2.28,,754.38,,False,0
abd204,SWA374  ,United States,1749938518.0,1749938518,-80.3332,40.0855,4206.24,False,197.45,176.27,11.38,,4366.26,,False,0
ac03ee,ASH6039 ,United States,1749938518.0,1749938518,-78.551,38.8246,5364.48,False,187.67,258.14,4.23,,5631.18,6551,False,0
ac4c8a,SWA2097 ,United States,1749938518.0,1749938518,-80.6568,28.6681,11582.4,False,232.62,181.65,0.0,,12283.44,1641,False,0
a8bf73,AAL1224 ,United States,1749938518.0,1749938518,-75.8419,39.9152,4251.96,False,197.1,268.5,9.1,,4434.84,2627,False,0
a0757f,DAL1453 ,United States,1749938518.0,1749938518,-75.0966,39.6947,5532.12,False,198.33,33.36,-11.38,,5783.58,3206,False,0
a6f9fa,GJS4474 ,United States,1749938504.0,1749938504,-77.4386,38.9436,,True,0.0,177.19,,,,,False,0
ac16bb,SWA454  ,United States,1749938518.0,1749938518,-78.0524,39.506,6088.38,False,194.93,275.76,-0.33,,6370.32,5644,False,0
a69894,JBU655  ,United States,1749938518.0,1749938518,-80.9041,33.0318,11567.16,False,223.59,166.16,0.33,,12222.48,5732,False,0
ac03f2,ASH6085 ,United States,1749938518.0,1749938519,-78.2429,38.2219,6294.12,False,179.8,248.87,5.85,,6621.78,6267,False,0
adcfa9,N9895Q  ,United States,1749938252.0,1749938252,-76.2097,39.5551,243.84,False,32.99,93.58,-4.23,,297.18,,False,0
a324f4,VNT301  ,United States,1749938518.0,1749938518,-77.2193,39.108,12481.56,False,171.8,214.26,1.95,,13045.44,2725,False,0
a4462e,DAL1638 ,United States,1749938518.0,1749938518,-79.242,29.4667,11582.4,False,239.27,192.54,0.0,,12230.1,,False,0
a84a17,NKS2696 ,United States,1749938499.0,1749938499,-74.1756,40.6859,,True,4.12,205.31,,,,,False,0
ab3fcc,AAL1114 ,United States,1749938518.0,1749938518,-78.3901,40.3648,8671.56,False,252.04,98.92,-5.2,,9121.14,7243,False,0
ac1951,RPA5852 ,United States,1749938518.0,1749938518,-75.3889,39.6152,1577.34,False,135.18,294.03,-6.5,,1638.3,1337,False,0
4075c3,UBT72X  ,United Kingdom,1749938517.0,1749938517,-78.7143,27.1737,8069.58,False,248.15,32.9,4.23,,8572.5,,False,0
a5530b,TWY442  ,United States,1749938518.0,1749938518,-78.539,37.6077,13106.4,False,216.79,216.9,-0.33,,13723.62,1577,False,0
a347b1,ENY3408 ,United States,1749938518.0,1749938518,-80.3695,40.5136,11582.4,False,202.43,252.85,-0.33,,12146.28,5721,False,0
ab9302,CXK105  ,United States,1749938518.0,1749938518,-80.7433,35.3897,510.54,False,46.43,195.42,-2.6,,502.92,,False,0
a24a20,N247BG  ,United States,1749938518.0,1749938518,-80.7059,36.0267,2720.34,False,150.38,74.73,0.0,,2849.88,0430,False,0
ac2952,DAL1913 ,United States,1749938518.0,1749938518,-80.7258,38.6495,11277.6,False,232.06,338.95,-0.33,,11818.62,3636,False,0
a49d16,DAL1884 ,United States,1749938518.0,1749938518,-77.7187,37.1742,11277.6,False,259.56,27.63,0.0,,11887.2,3445,False,0
a694b2,GJS4469 ,United States,1749938514.0,1749938516,-80.918,38.1179,7010.4,False,215.5,312.87,-0.65,,7360.92,,False,0
a441c9,DAL2196 ,United States,1749938518.0,1749938518,-80.2384,35.7845,10363.2,False,211.31,201.57,0.0,,10949.94,5700,False,0
a49d5d,LXJ397  ,United States,1749938518.0,1749938518,-76.6148,39.9703,13106.4,False,173.98,239.04,0.0,,13647.42,2713,False,0
aac337,AAL735  ,United States,1749938518.0,1749938518,-78.2993,37.9926,11582.4,False,218.99,225.0,0.0,,12192.0,6211,False,0
a9a879,NKS2785 ,United States,1749938519.0,1749938519,-80.3156,40.2617,3238.5,False,156.63,189.83,6.18,,3352.8,,False,0
a9eee8,N7390X  ,United States,1749938496.0,1749938496,-80.8861,28.8951,121.92,False,39.21,321.93,1.95,,152.4,,False,0
abe1aa,N865CP  ,United States,1749938517.0,1749938517,-80.5053,27.2581,548.64,False,55.23,332.24,1.3,,609.6,,False,0
ac01d3,DAL2826 ,United States,1749938518.0,1749938518,-80.9113,40.722,9144.0,False,222.25,296.98,-0.33,,9585.96,4165,False,0
a6d1e2,CNS419  ,United States,1749938518.0,1749938518,-74.4382,40.4609,563.88,False,112.74,124.78,-0.33,,586.74,3501,False,0
a21656,UAL989  ,United States,1749938496.0,1749938496,-77.4409,38.945,,True,0.0,343.12,,,,,False,0
c05bc8,ROU1628 ,Canada,1749938518.0,1749938518,-80.475,38.2203,11582.4,False,219.64,189.57,0.0,,12146.28,0537,False,0
a694dd,JBU1501 ,United States,1749938518.0,1749938518,-79.2754,28.2834,10972.8,False,235.39,196.38,0.0,,11650.98,,False,0
a08663,AAL2915 ,United States,1749938304.0,1749938306,-80.9381,35.2486,335.28,False,71.14,176.27,-3.58,,350.52,6650,False,0
a837de,N629C   ,United States,1749938517.0,1749938517,-80.3381,27.6106,701.04,False,65.4,162.14,-0.33,,762.0,,False,0
a20347,RPA5763 ,United States,1749938518.0,1749938518,-76.7011,38.998,3985.26,False,184.46,86.8,11.05,,4191.0,6514,False,0
a8cffd,UAL956  ,United States,1749938516.0,1749938516,-74.1797,40.6756,,True,5.14,118.12,,,,,False,0
a9a97f,RPA3658 ,United States,1749938518.0,1749938518,-77.3054,37.9774,10058.4,False,258.74,28.5,0.0,,10591.8,5612,False,0
ad1153,ERU941  ,United States,1749938510.0,1749938510,-80.8649,28.8414,274.32,False,46.81,90.0,0.65,,297.18,,False,0
a98ca3,N714TS  ,United States,1749938518.0,1749938518,-77.4719,33.2336,12496.8,False,225.01,17.57,0.33,,13182.6,,False,0
4cadfb,ITY619  ,Ireland,1749938516.0,1749938518,-77.4365,38.9247,,True,0.0,8.44,,,,,False,0
a575e0,AAL2831 ,United States,1749938518.0,1749938518,-79.0693,38.9751,8244.84,False,229.06,246.72,3.9,,8679.18,6567,False,0
a825a6,FFT2506 ,United States,1749938518.0,1749938518,-77.9719,36.9203,10675.62,False,257.37,42.81,0.0,,11269.98,1043,False,0
ac042a,SWA2199 ,United States,1749938518.0,1749938518,-80.4107,37.2077,11574.78,False,201.1,244.22,0.0,,12161.52,1310,False,0
aad780,UAL57   ,United States,1749938490.0,1749938490,-74.1746,40.6855,,True,3.86,205.31,,,,,False,0
a945ed,NKS2091 ,United States,1749938518.0,1749938518,-78.8079,38.1897,10363.2,False,205.45,219.31,0.0,,10927.08,1421,False,0
abe2f6,RPA3471 ,United States,1749938518.0,1749938518,-78.5799,36.2994,5661.66,False,189.33,52.51,9.1,,5974.08,,False,0
a20433,UAL130  ,United States,1749938410.0,1749938411,-74.1634,40.6984,,True,0.9,317.81,,,,5773,False,0
a33766,AAL2319 ,United States,1749938517.0,1749938518,-75.8077,36.1229,10972.8,False,224.37,210.45,0.0,,11597.64,7322,False,0
aad5ca,AAL724  ,United States,1749938518.0,1749938518,-76.2692,38.6904,11277.6,False,274.87,40.22,0.0,,11879.58,7145,False,0
abe2a3,AAL1553 ,United States,1749938518.0,1749938518,-74.327,40.3357,2575.56,False,154.62,44.06,-6.5,,2667.0,3776,False,0
ad35e0,AAL1479 ,United States,1749938518.0,1749938518,-75.334,40.1339,8991.6,False,210.19,261.41,5.53,,9418.32,6646,False,0
a47d05,DAL776  ,United States,1749938431.0,1749938507,-78.676,30.6418,11582.4,False,238.51,188.93,-1.95,,12283.44,,False,0
ab0b38,N810VA  ,United States,1749938515.0,1749938518,-80.7122,32.3313,1150.62,False,75.15,358.04,3.58,,1234.44,,False,0
abc329,WUP857  ,United States,1749938518.0,1749938518,-78.2067,34.9562,6454.14,False,185.13,99.44,-9.1,,6842.76,1704,False,0
a2090d,FFT2013 ,United States,1749938518.0,1749938518,-76.9393,39.7893,7894.32,False,201.18,236.47,10.4,,8298.18,1113,False,0
a44918,UAL2025 ,United States,1749938518.0,1749938518,-77.3896,39.1788,2438.4,False,153.75,72.47,8.78,,2529.84,,False,0
acf69b,EDV5222 ,United States,1749938518.0,1749938518,-77.9202,37.0347,8618.22,False,246.42,25.87,7.15,,9113.52,6214,False,0
a84d25,FFT7    ,United States,1749938518.0,1749938518,-80.9698,34.3535,10660.38,False,237.04,310.95,0.0,,11277.6,6015,False,0
a1d63d,UAL606  ,United States,1749938387.0,1749938389,-77.4501,38.9461,,True,1.03,194.06,,,,,False,0
a7f914,N6124D  ,United States,1749938437.0,1749938450,-80.7702,27.9738,876.3,False,54.14,273.81,0.0,,929.64,,False,0
a0fcd4,AAL619  ,United States,1749938471.0,1749938515,-78.2364,30.0677,10058.4,False,237.02,344.52,0.0,,10675.62,,False,0
a781d7,,United States,1749938463.0,1749938463,-77.59,31.159,11582.4,False,236.12,224.03,0.0,,12252.96,,False,0
a4497f,UAL1440 ,United States,1749938518.0,1749938518,-79.4722,35.1981,11277.6,False,258.18,30.14,0.33,,11902.44,3423,False,0
aaa31f,CNS342  ,United States,1749938518.0,1749938518,-75.8618,39.7986,7924.8,False,116.26,230.75,0.0,,8321.04,1535,False,0
a85ff5,JBU1194 ,United States,1749938511.0,1749938514,-78.3059,31.7047,10675.62,False,241.27,7.47,0.0,,11315.7,,False,0
a2806c,EJA260  ,United States,1749938517.0,1749938518,-74.2614,39.5915,5494.02,False,214.21,40.42,-5.53,,5730.24,2615,False,0
a7d32e,JBU23   ,United States,1749938518.0,1749938518,-78.4319,38.1637,6400.8,False,197.86,248.97,0.33,,6743.7,1355,False,0
ab0a88,JTZ810  ,United States,1749938512.0,1749938518,-76.8959,36.5758,6073.14,False,168.23,359.65,-4.88,,6393.18,3010,False,0
a53006,UAL1923 ,United States,1749938518.0,1749938518,-79.8999,34.4,7208.52,False,224.35,309.6,12.68,,7627.62,2673,False,0
a568e8,LXJ448  ,United States,1749938518.0,1749938519,-74.9894,40.4076,10965.18,False,200.93,227.08,0.0,,11498.58,1460,False,0
a06703,RPA4596 ,United States,1749938518.0,1749938518,-79.8619,36.982,7178.04,False,224.25,114.39,-6.5,,7581.9,2661,False,0
ac3dec,SWA2412 ,United States,1749938518.0,1749938519,-80.6158,36.2007,11582.4,False,199.46,197.87,0.0,,12199.62,5620,False,0
abc455,SWA3842 ,United States,1749938518.0,1749938518,-80.3636,40.4683,10668.0,False,245.09,96.87,0.0,,11186.16,1331,False,0
a22b9b,N239TC  ,United States,1749938518.0,1749938518,-74.5361,38.9345,9753.6,False,195.57,219.34,0.33,,10241.28,7304,False,0
a7971b,N5888L  ,United States,1749938518.0,1749938518,-78.8428,35.5638,891.54,False,73.23,265.97,3.9,,929.64,,False,0
ab1dd5,VXP1081 ,United States,1749938518.0,1749938518,-79.8733,34.799,8831.58,False,247.59,77.03,0.65,,9342.12,3633,False,0
a6c780,N536JA  ,United States,1749938518.0,1749938519,-78.9822,40.7868,11887.2,False,244.96,81.55,-0.33,,12420.6,4070,False,0
ac92b1,EDV5047 ,United States,1749938518.0,1749938518,-75.3137,40.177,8100.06,False,211.81,226.77,6.83,,8503.92,2756,False,0
a23f0c,MXY401  ,United States,1749938490.0,1749938490,-75.7083,37.3824,3642.36,False,161.89,29.09,0.0,,3810.0,0713,False,0
4d20d8,VJT836  ,Malta,1749938518.0,1749938518,-79.7188,30.4357,13098.78,False,233.59,271.01,0.65,,13784.58,,False,0
abc2e5,RPA4758 ,United States,1749938518.0,1749938518,-75.1567,36.7941,9753.6,False,225.24,206.74,0.0,,10309.86,1753,False,0
c04ff4,WJA2033 ,Canada,1749938518.0,1749938518,-79.6577,40.852,11277.6,False,231.74,9.71,0.0,,11818.62,3462,False,0
a84dd1,JIA5030 ,United States,1749938518.0,1749938518,-79.7097,40.9861,10363.2,False,246.74,12.65,-0.33,,10881.36,,False,0
a449a4,UAL1355 ,United States,1749938518.0,1749938518,-80.7021,39.7671,10058.4,False,243.89,124.86,0.33,,10561.32,1724,False,0
a11f59,UAL350  ,United States,1749938504.0,1749938508,-74.1789,40.6787,,True,0.13,205.31,,,,,False,0
a075df,RPA4427 ,United States,1749938518.0,1749938518,-79.6295,36.2888,2735.58,False,148.59,175.63,-3.25,,2880.36,7177,False,0
a11b00,AAL2018 ,United States,1749938241.0,1749938241,-80.9687,35.2393,289.56,False,70.71,175.41,-3.9,,365.76,5775,False,0
ab2f36,N82HE   ,United States,1749938518.0,1749938518,-78.0802,35.222,5006.34,False,215.5,99.62,-7.8,,5250.18,7071,False,0
a35b1e,N315TS  ,United States,1749938518.0,1749938518,-75.9022,40.0499,11582.4,False,208.32,236.58,0.0,,12138.66,6625,False,0
a35b1b,N315TP  ,United States,1749938508.0,1749938508,-80.411,27.7855,1310.64,False,45.1,159.29,0.33,,1424.94,,False,0
a1e5d4,N221MJ  ,United States,1749938518.0,1749938518,-76.8926,39.5276,8115.3,False,204.54,243.89,5.53,,8519.16,2707,False,0
a72b40,GJS4418 ,United States,1749938518.0,1749938518,-77.3408,40.1694,7040.88,False,216.67,15.42,7.48,,7368.54,,False,0
abe79d,SWA1171 ,United States,1749938517.0,1749938518,-78.5742,37.5704,10972.8,False,197.24,217.05,0.33,,11567.16,3456,False,0
a24dc1,ASA507  ,United States,1749938498.0,1749938507,-77.4386,38.9443,,True,0.0,180.0,,,,,False,0
a32718,DAL1919 ,United States,1749938518.0,1749938518,-79.5195,31.6322,10066.02,False,232.32,309.79,0.33,,10668.0,,False,0
0c2161,CMP812  ,Panama,1749938518.0,1749938518,-74.4131,40.2336,4983.48,False,184.06,243.79,10.08,,5173.98,2714,False,0
a8ae2e,PDT5909 ,United States,1749938518.0,1749938518,-80.8016,38.9297,10363.2,False,217.83,190.75,0.0,,10850.88,4176,False,0
a12f08,UAL1928 ,United States,1749938518.0,1749938518,-77.574,38.5221,9753.6,False,228.36,222.17,0.0,,10264.14,3321,False,0
a6b10c,,United States,1749938508.0,1749938508,-78.4553,38.3368,2636.52,False,141.1,291.61,17.23,,2766.06,,False,0
a6b100,LXJ530  ,United States,1749938518.0,1749938518,-80.2668,27.754,6614.16,False,196.98,25.36,11.05,,7025.64,,False,0
a35c0b,JBU2119 ,United States,1749938518.0,1749938518,-79.2644,36.8292,9144.0,False,223.27,216.47,0.0,,9654.54,3266,False,0
abc29a,DAL278  ,United States,1749938518.0,1749938518,-79.1495,35.4315,10668.0,False,273.82,50.72,0.0,,11300.46,7226,False,0
ac929c,SWA654  ,United States,1749938518.0,1749938518,-80.6773,39.3689,11887.2,False,233.66,4.17,0.33,,12428.22,1426,False,0
a6b185,N530ME  ,United States,1749938465.0,1749938468,-79.9609,40.4431,,True,0.0,50.62,,,,,False,0
a170d9,AAY1785 ,United States,1749938518.0,1749938518,-76.2228,39.8748,6423.66,False,206.1,219.53,11.38,,6720.84,1564,False,0
abe7c5,SWA1891 ,United States,1749938518.0,1749938518,-77.4308,38.6932,11582.4,False,204.93,254.57,0.0,,12169.14,1470,False,0
aaa224,SWA1304 ,United States,1749938518.0,1749938518,-80.2657,36.5529,10972.8,False,202.82,222.43,0.0,,11551.92,4611,True,0
a1c0ec,UCA4305 ,United States,1749938509.0,1749938513,-77.4426,38.9481,,True,1.8,14.06,,,,,False,0
a32800,AAY1322 ,United States,1749938518.0,1749938518,-80.7605,35.8456,10668.0,False,262.65,65.34,0.0,,11262.36,2631,False,0
a96c96,DAL2928 ,United States,1749938518.0,1749938518,-78.2929,37.6406,7010.4,False,202.41,52.23,0.33,,7376.16,3511,False,0
ab2ed4,N82DG   ,United States,1749938518.0,1749938518,-77.2642,37.8175,12192.0,False,232.96,28.49,0.0,,12801.6,7464,False,0
a48ec7,JRE393  ,United States,1749938518.0,1749938518,-80.6362,30.3607,13380.72,False,229.48,176.02,-5.85,,14196.06,7422,False,0
a793fd,DAL806  ,United States,1749938518.0,1749938518,-76.104,40.0661,9509.76,False,208.73,263.35,8.13,,10005.06,1666,False,0
a4350c,DAL1454 ,United States,1749938517.0,1749938518,-78.2707,39.562,7658.1,False,187.42,274.88,7.8,,8039.1,5766,False,0
abf9f8,SWA917  ,United States,1749938518.0,1749938518,-76.6663,38.74,2491.74,False,155.95,60.56,-6.5,,2598.42,6701,False,0
a6b204,N530SG  ,United States,1749938519.0,1749938519,-79.5379,35.8618,3634.74,False,128.9,309.98,-0.33,,3810.0,,False,0
a197d0,SGX201  ,United States,1749938518.0,1749938518,-75.6653,40.1688,6484.62,False,203.33,236.87,2.93,,6743.7,4516,False,0
aa7833,DAL1439 ,United States,1749938519.0,1749938519,-75.3614,40.2078,10363.2,False,215.73,225.68,0.0,,10881.36,3432,False,0
